{"cameraMode":{"drawMode":0,"name":"Shaded","section":"Shading Mode"},"sceneLighting":true,"audioPlay":false,"sceneViewState":{"showFog":true,"showMaterialUpdate":false,"showSkybox":true,"showFlares":true,"showImageEffects":true,"showParticleSystems":true},"in2DMode":false,"pivot":{"x":3.482232093811035,"y":0.31712043285369875,"z":88.71875},"rotation":{"x":0.02779279090464115,"y":-0.16655656695365907,"z":-0.004695757292211056,"w":-0.9856340885162354},"size":8.57237434387207,"orthographic":false}